<portlet-app
    xmlns="http://java.sun.com/xml/ns/portlet/portlet-app_1_0.xsd"
    version="1.0"
    xmlns:xsi="http://www.w3.org/2001/XMLSchema-instance"
    xsi:schemaLocation=
        "http://java.sun.com/xml/ns/portlet/portlet-app_1_0.xsd
         http://java.sun.com/xml/ns/portlet/portlet-app_1_0.xsd">

  <portlet>
    <portlet-name>Hello</portlet-name>
    <portlet-class>
        com.springinaction.hello.HelloPortlet
    </portlet-class>
    <supports>
      <mime-type>text/html</mime-type>
      <portlet-mode>view</portlet-mode>
    </supports>
    <portlet-info>
      <title>Hello World</title>
      <short-title>Hello World</short-title>
      <keywords>Hello,World</keywords>
    </portlet-info>
  </portlet>

  <portlet>
    <portlet-name>Rolodex</portlet-name>
    <portlet-class>
        org.springframework.web.portlet.DispatcherPortlet
    </portlet-class>
    <supports>
      <mime-type>text/html</mime-type>
      <portlet-mode>view</portlet-mode>
      <portlet-mode>edit</portlet-mode>
      <portlet-mode>help</portlet-mode>
    </supports>
    <portlet-info>
      <title>My Contacts</title>
      <short-title>My Contacts</short-title>
      <keywords>Contacts,Rolodex</keywords>
    </portlet-info>
    <portlet-preferences>
      <preference>
        <name>pageSize</name>
        <value>5</value>
      </preference>
    </portlet-preferences>     
  </portlet>

</portlet-app>
