<?xml version="1.0" encoding="UTF-8"?>

<beans xmlns="http://www.springframework.org/schema/beans"
	   xmlns:xsi="http://www.w3.org/2001/XMLSchema-instance"
	   xsi:schemaLocation="http://www.springframework.org/schema/beans 
	     http://www.springframework.org/schema/beans/spring-beans.xsd">
  <bean id="propertyConfigurer" 
      class="org.springframework.beans.factory.config.PropertyPlaceholderConfigurer">
    <property name="location" value="/WEB-INF/hibernate.properties" />
  </bean>

  <bean id="dataSource"
      class="org.springframework.jdbc.datasource.DriverManagerDataSource">
    <property name="url" value="${hibernate.connection.url}" />
    <property name="driverClassName" value="${hibernate.connection.driver_class}" />
    <property name="username" value="${hibernate.connection.username}" />
    <property name="password" value="${hibernate.connection.password}" />
  </bean>

  <bean id="sessionFactory" class="org.springframework.orm.hibernate3.annotation.AnnotationSessionFactoryBean">
    <property name="dataSource" ref="dataSource"/>
    <property name="annotatedClasses">
      <list>
        <value>com.springinaction.rolodex.domain.Contact</value>
      </list>
    </property>
    <property name="hibernateProperties">
      <props>
        <prop key="hibernate.dialect">${hibernate.dialect}</prop>
      </props>
    </property>
  </bean>
  
  <!-- DAO -->
  <bean id="rolodexDao"
      class="com.springinaction.rolodex.dao.RolodexDaoHibernate">
    <property name="sessionFactory" ref="sessionFactory"/>
  </bean>  
</beans>
