<?xml version="1.0" encoding="UTF-8"?>

<beans xmlns="http://www.springframework.org/schema/beans"
    xmlns:xsi="http://www.w3.org/2001/XMLSchema-instance"
    xsi:schemaLocation="http://www.springframework.org/schema/beans 
        http://www.springframework.org/schema/beans/spring-beans-2.0.xsd">

  <bean id="pokerHandEvaluator.xfire" 
      class="org.codehaus.xfire.spring.remoting.XFireClientFactoryBean">
    <property name="wsdlDocumentUrl" 
        value="http://localhost:8081/Poker-WS/PokerService.wsdl" />
    <property name="serviceInterface" 
        value="com.springinaction.poker.client.PokerService" />

    <property name="properties">
      <map>
        <entry key="objectServiceFactory.portType">
          <bean class="javax.xml.namespace.QName">
            <constructor-arg value="http://www.springinaction.com/poker/schemas"/>
            <constructor-arg value="PokerPortType" />
          </bean>
        </entry>
      </map>
    </property> 
  </bean>             
</beans>
