<?xml version="1.0" encoding="UTF-8"?>
<flow xmlns=
        "http://www.springframework.org/schema/webflow"
    xmlns:xsi="http://www.w3.org/2001/XMLSchema-instance"
    xsi:schemaLocation=
        "http://www.springframework.org/schema/webflow
        http://www.springframework.org/schema/webflow/spring-webflow-1.0.xsd">

  <var name="order" 
      class="com.springinaction.pizza.domain.Order" 
      scope="flow"/>
      
  <start-state idref="getCustomerInfo"  />

  <!-- GET CUSTOMER INFO -->
  <subflow-state id="getCustomerInfo" flow="CustomerInfo-flow" >
    <transition on="finish" to="showOrder" />
  </subflow-state>

    
  <view-state id="showOrder" view="orderDetails">
    <transition on="addPizza" to="addPizza" />
    <transition on="continue" to="takePayment" />
  </view-state>
  
  <!-- 
    View state for prompting a user for a pizza selection.
    
    Shown on page 604
   -->
  <view-state id="addPizza" view="newPizzaForm">
    <render-actions>
      <action bean="pizzaFormAction" method="setupForm"/>
    </render-actions>
    <transition on="submit" to="showOrder">
      <action bean="pizzaFormAction" method="bind" />
      <evaluate-action expression=
          "flowScope.order.addPizza(requestScope.pizza)" />
    </transition>
  </view-state>
  
  <!-- 
    View state to take payment info from a customer.
    
    Shown on pages 605-606
   -->
  <view-state id="takePayment" view="paymentForm">
    <transition on="submit" to="submitOrder">
      <bean-action bean="paymentProcessor" 
          method="approveCreditCard">
        <method-arguments>
          <argument expression=
              "${requestParameters.creditCardNumber}"/>
          <argument expression=
              "${requestParameters.expirationMonth}"/>
          <argument expression=
              "${requestParameters.expirationYear}"/>
          <argument expression=
              "${flowScope.order.total}" />
        </method-arguments>
      </bean-action>
    </transition>
    
    <transition on-exception="com.springinaction.pizza.PaymentException"
      to="takePayment" />
  </view-state>
  
  <!-- 
    Action state to submit the order to the order service.
    
    As shown on page 607
   -->  
  <action-state id="submitOrder">
    <bean-action bean="orderService" method="saveOrder">
      <method-arguments>
        <argument expression="${flowScope.order}" />
      </method-arguments>
    </bean-action>
    
    <transition on="success" to="finish" />
  </action-state>
  
  <end-state id="finish" 
      view="flowRedirect:PizzaOrder-flow" />

  <!-- 
    Globally transition "cancel" to the "finish" state
    
    As shown on page 608
   -->     
  <global-transitions>
    <transition on="cancel" to="finish" />
  </global-transitions>
</flow>
