<?xml version="1.0" encoding="UTF-8"?>

<beans xmlns="http://www.springframework.org/schema/beans"
      xmlns:xsi="http://www.w3.org/2001/XMLSchema-instance"
      xsi:schemaLocation="http://www.springframework.org/schema/beans 
        http://www.springframework.org/schema/beans/spring-beans-2.0.xsd">

  <bean id="citationService" class="com.tickettodrive.CitationServiceImpl" />

  <!-- 
    Loads some pre-defined XFire beans from the XFire JAR.
    
    See page 328.
   -->
  <import resource="classpath:org/codehaus/xfire/spring/xfire.xml"/>

  <!-- 
    Uses a Jsr181HandlerMapping to map services based on JSR-181 annotations.
    
    From page 332-333
   -->
  <bean id="annotationHandlerMapping"
      class="org.codehaus.xfire.spring.remoting.Jsr181HandlerMapping">
    <property name="xfire" ref="xfire" />
    <property name="webAnnotations">
      <bean class="org.codehaus.xfire.annotations.jsr181.Jsr181WebAnnotations"/>
    </property>
  </bean>
</beans>