<?xml version="1.0" encoding="UTF-8"?>
<beans xmlns="http://www.springframework.org/schema/beans"
   xmlns:xsi="http://www.w3.org/2001/XMLSchema-instance"
   xsi:schemaLocation="http://www.springframework.org/schema/beans 
       http://www.springframework.org/schema/beans/spring-beans-2.0.xsd">

  <bean class="org.springframework.beans.factory.config.CustomEditorConfigurer">
    <property name="customEditors">
      <map>
        <entry key="com.springinaction.chapter03.propeditor.PhoneNumber">
          <bean id="phoneEditor" 
              class="com.springinaction.chapter03.propeditor.PhoneEditor">
          </bean>
        </entry>
      </map>
    </property>
  </bean>

  <bean id="contact" class="com.springinaction.chapter03.propeditor.Contact">
    <property name="phoneNumber" value="888-555-1212" />
  </bean>
</beans>
