<?xml version="1.0" encoding="UTF-8"?>

<beans xmlns="http://www.springframework.org/schema/beans"
      xmlns:xsi="http://www.w3.org/2001/XMLSchema-instance"
      xsi:schemaLocation="http://www.springframework.org/schema/beans 
        http://www.springframework.org/schema/beans/spring-beans-2.0.xsd">

  <bean class="org.springframework.beans.factory.config.PropertyPlaceholderConfigurer">
    <property name="location" value="ttd.properties" />
  </bean>
        
  <!-- 
    HttpInvokerProxyFactoryBean to wire in an HttpInvoker service.
    
    From section 8.4.1, page 323. Notice, that I'm using the short-hand
    value attribute here, while the book shows the long-hand <value>
    element. I had intended for the book to use the short-hand form, as
    shown below, but didn't catch this until the book was already typeset
    and it was too late to change.
   -->  
  <bean id="citationService" 
      class="org.springframework.remoting.httpinvoker.HttpInvokerProxyFactoryBean">
    <property name="serviceUrl" 
        value="http://${serverName}/${contextPath}/citation.service" />
    <property name="serviceInterface" value="com.tickettodrive.CitationService" />
  </bean>

</beans>