<?xml version="1.0" encoding="UTF-8"?>

<beans xmlns="http://www.springframework.org/schema/beans"
      xmlns:xsi="http://www.w3.org/2001/XMLSchema-instance"
      xsi:schemaLocation="http://www.springframework.org/schema/beans 
        http://www.springframework.org/schema/beans/spring-beans-2.0.xsd">

  <!-- 
    JaxRpcPortProxyFactoryBean to wire in the citation web service.
    
    As configured here, this should work with the JSR-181 version of the
    XFire service. The properties may need to be changed to work with any
    other implementation of the citation service.
    
    From section 8.5.3, page 336. 
   -->  
  <bean id="citationService"
      class="org.springframework.remoting.jaxrpc.JaxRpcPortProxyFactoryBean">
    <property name="wsdlDocumentUrl"
        value="http://localhost:8080/citation/services/citationService?wsdl" />
    <property name="serviceInterface"
        value="com.tickettodrive.CitationService"/>
    <property name="portName"
        value="citationServiceHttpPort" />
    <property name="serviceName"
        value="citationService" />
    <property name="namespaceUri"
        value="http://tickettodrive.com" />
    <property name="servicePostProcessors">     <!--  added on page 337 -->
      <list>
        <ref bean="beanMappingPostProcessor" />
        <ref bean="arrayMappingPostProcessor" />
      </list>
    </property>
  </bean>
  
  <!-- From pages 337-338 -->
  <bean id="beanMappingPostProcessor"
      class="org.springframework.remoting.jaxrpc.support.AxisBeanMappingServicePostProcessor">
    <property name="beanClasses">
      <list>
        <value>com.tickettodrive.Citation</value>
      </list>
    </property>
    <property name="typeNamespaceUri" value="http://tickettodrive.com" />
  </bean>  
  
  <!-- From page 340 -->
  <bean id="arrayMappingPostProcessor"
      class="com.tickettodrive.ws.AxisArrayOfCitationMappingServicePostProcessor" />  
</beans>