<?xml version="1.0" encoding="UTF-8"?>

<!DOCTYPE sqlMap PUBLIC "-//iBATIS.com//DTD SQL Map 2.0//EN"
    "http://www.ibatis.com/dtd/sql-map-config-2.dtd">

<sqlMap namespace="RoadRantz">
  <select id="getVehicleById" 
      resultClass="com.roadrantz.domain.Vehicle">
    <![CDATA[
      select id, state, plateNumber
        from vehicle
       where id=#value#
    ]]>
  </select>
  
  <select id="findVehicleByPlate" 
      parameterClass="com.roadrantz.domain.Vehicle">
    select id, plateNumber, state
      from Vehicle
     where state = #state#
       and plateNumber = #plateNumber#
  </select>
  
  <insert id="insertVehicle" parameterClass="com.roadrantz.domain.Vehicle">
  	  	<selectKey keyProperty="id" resultClass="java.lang.Integer">
			call identity()
		</selectKey>	
  
    insert into Vehicle (id, state, plateNumber) 
              values (null, #state#, #plateNumber#)
  </insert>
</sqlMap>
