<?xml version="1.0" encoding="UTF-8"?>

<beans xmlns="http://www.springframework.org/schema/beans"
      xmlns:xsi="http://www.w3.org/2001/XMLSchema-instance"
      xsi:schemaLocation="http://www.springframework.org/schema/beans 
        http://www.springframework.org/schema/beans/spring-beans-2.0.xsd">

  <bean id="citationService" class="com.tickettodrive.CitationServiceImpl" />

  <!-- 
    Loads some pre-defined XFire beans from the XFire JAR.
    
    See page 328.
   -->
  <import resource="classpath:org/codehaus/xfire/spring/xfire.xml"/>
    
  <!-- 
    Exports the citationService bean as an HttpInvoker service.
    
    From section 8.5.1, page 328
    
    Notice, that I'm using the short-hand
    value attribute here, while the book shows the long-hand <value>
    element. I had intended for the book to use the short-hand form, as
    shown below, but didn't catch this until the book was already typeset
    and it was too late to change.    
   -->    
  <bean id="citationService.xfire"
      class="org.codehaus.xfire.spring.remoting.XFireExporter">
    <property name="serviceFactory"
        ref="xfire.serviceFactory" />
    <property name="xfire" ref="xfire" />
    <property name="serviceBean"
        ref="citationService" />
    <property name="serviceClass"
        value="com.tickettodrive.CitationService" />
  </bean>

  <bean id="urlMapping" class="org.springframework.web.servlet.handler.SimpleUrlHandlerMapping">
    <property name="mappings">
      <props>
        <prop key="/citationService">citationService.xfire</prop>
      </props>
    </property>
  </bean>
</beans>